Course,City,ZIP,Yardage_Back_Tees,Slope_Back_Tees,Location (Inferred Region),Photo,
Aberdeen Country Club,Longs,29568,6800,125,Myrtle Beach Area,Aberdeen-1.png,
Anderson Country Club,Anderson,29621,6500,124,Anderson (Upcountry),nophoto.png,
Arcadian Shores Golf Club at Myrtle Beach Hilton,Myrtle Beach,29577,6771,123,Myrtle Beach,nophoto.png,
Argent Lakes Golf Club,Hardeeville,29927,7052,130,Hilton Head Area,nophoto.png,
Arrowhead Country Club,Myrtle Beach,29579,6700,122,Myrtle Beach Area,nophoto.png,
Azalea Sands Golf Course,North Myrtle Beach,29582,1500 (Par 3),113,Myrtle Beach Area,nophoto.png,
Barefoot Resort & Golf - Fazio Course,North Myrtle Beach,29582,7003,138,North Myrtle Beach,nophoto.png,
Barefoot Resort & Golf - Love Course,North Myrtle Beach,29582,6934,140,North Myrtle Beach,nophoto.png,
Barefoot Resort & Golf - Norman Course,North Myrtle Beach,29582,7011,135,North Myrtle Beach,nophoto.png,
Barefoot Resort & Golf - The Dye Club,North Myrtle Beach,29582,7047,142,North Myrtle Beach,nophoto.png,
Bay Tree Golf Plantation - Gold,Myrtle Beach,29577,6400,120,Myrtle Beach Area,nophoto.png,
Bay Tree Golf Plantation - Silver,Myrtle Beach,29577,6200,118,Myrtle Beach Area,nophoto.png,
Beachwood Golf Club,North Myrtle Beach,29582,6600,121,North Myrtle Beach,nophoto.png,
Bear Creek Golf Club,West Union,29696,6300,125,Not Specified,nophoto.png,
,,,,,,,
Beech Creek Golf Club,Piedmont,29673,6800,128,Not Specified,nophoto.png,
Belfair Golf Club,Bluffton,29910,7100,145,Bluffton (Hilton Head Area),nophoto.png,
Berkeley Country Club,Moncks Corner,29461,6400,120,Moncks Corner (Charleston Area),nophoto.png,
,,,,,,,
,,,,,,,
,,,,,,,
Blackmoor Golf Club,Murrells Inlet,29576,6500,124,Murrells Inlet (Myrtle Beach Area),nophoto.png,
,,,,,,,
Blue Ridge Golf Center,Walhalla,29691,3000 (Par 3/Exec),110,Walhalla (Upcountry),nophoto.png,
,,,,,,,
Boscobel Country Club,Pendleton,29670,6100,118,Pendleton (Upcountry),nophoto.png,
Brays Island Plantation Golf Club,Sheldon,29941,6800,130,Sheldon (Hilton Head Area),nophoto.png,
Brookstone Meadows Golf Course,Anderson,29621,6300,120,Anderson (Upcountry),nophoto.png,
Burning Ridge Golf Course,Conway,29526,6400,121,Conway (Myrtle Beach Area),nophoto.png,
Caledonia Golf & Fish Club,Pawleys Island,29585,6526,132,Pawleys Island (Myrtle Beach Area),caledonia.jpg,
Calhoun Hills Golf Course,Calhoun Falls,29628,6200,119,Calhoun Falls (Lakelands Region),nophoto.png,
Callawassie Island Club,Okatie,29909,6900,135,Callawassie Island (Hilton Head Area),nophoto.png,
Camden Country Club,Camden,29020,6600,125,Camden (Olde English District),nophoto.png,
Carolina Country Club,Spartanburg,29302,6700,128,Spartanburg (Upstate SC),nophoto.png,
,,,,,,,
Carolina Lakes Golf Course,Sumter,29152,6500,123,Shaw AFB (Sumter Area),nophoto.png,
Carolina Springs Golf Club,Fountain Inn,29644,6800,126,Fountain Inn (Upcountry),nophoto.png,
Carolinas Country Club,Not Specified,Not Specified,Not Specified,Not Specified,Not Specified,nophoto.png,
Cedar Creek Golf Club,North Augusta,29841,6400,122,Aiken (Thoroughbred Country),nophoto.png,
,,,,,,,
Charleston Air Force Base Golf Course,North Charleston,29406,6300,120,Charleston,nophoto.png,
Charleston National Country Club,Mount Pleasant,29466,7200,140,Mount Pleasant (Charleston Area),nophoto.png,
Charwood Country Club,West Columbia,29170,6500,124,West Columbia (Columbia - Lake Murray Country),nophoto.png,
Chechessee Creek Club,Okatie,29909,6700,132,Okatie (Hilton Head Area),nophoto.png,
Cheraw State Park Golf Course,Cheraw,29520,6200,118,Cheraw (Pee Dee),nophoto.png,
Cherokee National Golf Course,Gaffney,29340,6400,121,Gaffney (Upstate SC),nophoto.png,
Cherokee Valley Golf Club,Travelers Rest,29690,6900,135,Travelers Rest (Upcountry),nophoto.png,
Cherry Hill Country Club,Andrews,29510,6100,117,Andrews (Pee Dee),nophoto.png,
Chester Golf Club,Chester,29706,6300,119,Chester (Olde English District),nophoto.png,
Chickasaw Point Golf Course,Westminster,29693,6800,127,Westminster (Upcountry),nophoto.png,
City of Charleston Golf Course,Charleston,29414,5600,112,Charleston,nophoto.png,
Cliffs at Glassy,Landrum,29356,7100,142,Landrum (Upcountry),nophoto.png,
Cliffs Valley,Travelers Rest,29690,7200,145,Travelers Rest (Upcountry),nophoto.png,
Clio Country Club,Clio,29525,5800,114,Clio (Pee Dee),nophoto.png,
Cobblestone Park Golf Club,Blythewood,29016,7000,130,Blythewood (Columbia - Lake Murray Country),nophoto.png,
Cobbs Glen Country Club,Anderson,29624,6500,123,Anderson (Upcountry),nophoto.png,
Cokesbury Hills Golf Club,Hodges,29653,6600,125,Hodges (Lakelands Region),nophoto.png,
Colleton River Plantation Club - Bruce Borland,Bluffton,29910,7300,148,Bluffton (Hilton Head Area),nophoto.png,
Colleton River Plantation Club - Jack Nicklaus Course,Bluffton,29910,7200,145,Bluffton (Hilton Head Area),nophoto.png,
Colleton River Plantation Club - Pete Dye Course,Bluffton,29910,7100,144,Bluffton (Hilton Head Area),nophoto.png,
Colonial Charter Golf Club,Longs,29568,6300,120,Longs (Myrtle Beach Area),nophoto.png,
Columbia Country Club,Columbia,29206,6700,128,Blythewood (Columbia - Lake Murray Country),nophoto.png,
Congaree Golf Club,Ridgeland,29936,7400,150,Ridgeland (Hilton Head Area),nophoto.png,
Conway Golf & Country Club,Conway,29526,6400,121,Conway (Myrtle Beach Area),nophoto.png,
Coopers Creek Golf Course,Leesville,29070,6800,126,Leesville (Columbia - Lake Murray Country),nophoto.png,
Coosaw Creek Country Club,Ladson,29456,6700,127,North Charleston (Charleston Area),nophoto.png,
Cougar Point Golf Club at Kiawah Island Golf Resort,Kiawah Island,29455,7028,142,Kiawah Island,nophoto.png,
Country Club of Beaufort at Pleasant Point,Beaufort,29907,6600,125,Beaufort (Hilton Head Area),nophoto.png,
Country Club of Charleston,Charleston,29412,6800,130,Charleston,nophoto.png,
Country Club of Hilton Head,Hilton Head Island,29928,6700,128,Hilton Head Island,nophoto.png,
Country Club of Lexington,Lexington,29072,6900,132,Lexington (Columbia - Lake Murray Country),nophoto.png,
Country Club of Newberry,Newberry,29108,6400,122,Newberry (Lakelands Region),nophoto.png,
Country Club of South Carolina,Florence,29501,6800,129,Florence (Pee Dee),nophoto.png,
Crescent Pointe Golf Club,Bluffton,29910,6800,131,Bluffton (Hilton Head Area),nophoto.png,
Crestwood Country Club,Denmark,29042,6300,120,Denmark (Thoroughbred Country),nophoto.png,
Cross Creek Plantation,Seneca,29678,7000,135,Seneca (Upcountry),nophoto.png,
Crowfield Golf Club,Goose Creek,29445,6900,133,Goose Creek (Charleston Area),nophoto.png,
Crown Park Golf Club,Longs,29568,6200,118,Longs (Myrtle Beach Area),nophoto.png,
Crystal Lakes Golf Course,Sumter,29150,6400,121,Sumter (Columbia - Lake Murray Country),nophoto.png,
Cypress Bay Golf Club,Little River,29566,6200,119,Little River (Myrtle Beach Area),nophoto.png,
Cypress Point,McCormick,29835,6900,134,McCormick (Lakelands Region),nophoto.png,
Daniel Island Club,Charleston,29492,7300,147,Daniel Island (Charleston Area),nophoto.png,
Darlington Country Club,Darlington,29532,6500,123,Darlington (Pee Dee),nophoto.png,
Dataw Island Club - Cotton Dike,Saint Helena Island,29920,6500,126,Dataw Island (Hilton Head Area),nophoto.png,
Dataw Island Club - Morgan River,Saint Helena Island,29920,6700,128,Dataw Island (Hilton Head Area),nophoto.png,
DeBordieu Club,Georgetown,29440,7100,140,Georgetown (Hammock Coast),nophoto.png,
Deer Track Golf Resort - South,Conway,29526,6300,120,Myrtle Beach Area,nophoto.png,
Deer Track Golf Resort - Toski Links,Conway,29526,6400,121,Myrtle Beach Area,nophoto.png,
Diamond Back Golf Course,Loris,29569,6600,124,Loris (Myrtle Beach Area),nophoto.png,
Dogwood Hills Country Club,Walterboro,29488,6200,118,Walterboro (Hilton Head Area),nophoto.png,
Dolphin Head Golf Course,Hilton Head Island,29926,6400,122,Hilton Head Island,nophoto.png,
Dunes Golf and Beach Club,Myrtle Beach,29572,7195,144,Myrtle Beach,nophoto.png,
Dunes West Golf & River Club,Mount Pleasant,29466,7200,142,Mount Pleasant (Charleston Area),nophoto.png,
Eagle Landing Golf Club,Not Specified,Not Specified,Not Specified,Not Specified,Not Specified,nophoto.png,
Eagle Nest Golf Club,Little River,29566,6600,123,Little River (Myrtle Beach Area),nophoto.png,
Eastport Golf Club,Little River,29566,6500,122,Little River (Myrtle Beach Area),nophoto.png,
Edgewater Golf Club,Lancaster,29720,6800,129,Lancaster (Olde English District),nophoto.png,
Fairdale Country Club,Not Specified,Not Specified,Not Specified,Not Specified,Not Specified,nophoto.png,
Fairfield Country Club,Winnsboro,29180,6400,121,Winnsboro (Olde English District),nophoto.png,
Falcons Lair Golf Course,Walhalla,29691,6700,126,Walhalla (Upcountry),nophoto.png,
Florence Country Club,Florence,29506,6900,131,Florence (Pee Dee),nophoto.png,
Forest Lake Club,Columbia,29206,6700,128,Columbia (Columbia - Lake Murray Country),nophoto.png,
Fort Jackson Golf Club,Columbia,29207,6600,125,Columbia (Columbia - Lake Murray Country),nophoto.png,
Fort Mill Country Club,Fort Mill,29715,6500,123,Fort Mill (Olde English District),nophoto.png,
Fox Creek Golf Course,Lydia,29079,6400,120,Lydia (Pee Dee),nophoto.png,
Fox Run Country Club,Simpsonville,29681,6800,127,Simpsonville (Upcountry),nophoto.png,
Foxboro Golf Club,Summerton,29148,5900,115,Summerton (Santee),nophoto.png,
Foxwood Hills Golf Course,Westminster,29693,6900,133,Westminster (Upcountry),nophoto.png,
Fripp Island Resort - Ocean Creek,Fripp Island,29920,6700,129,Fripp Island (Hilton Head Area),nophoto.png,
Fripp Island Resort - Ocean Point,Fripp Island,29920,6500,127,Fripp Island (Hilton Head Area),nophoto.png,
Furman University Golf Club,Greenville,29617,6800,130,Greenville (Upcountry),nophoto.png,
Gaffney Country Club,Gaffney,29341,6300,119,Gaffney (Upstate SC),nophoto.png,
Glen Dornoch Golf Links,Little River,29566,6700,126,Little River (Myrtle Beach Area),nophoto.png,
Golden Bear Golf Club,Hilton Head Island,29928,6600,124,Hilton Head Island,nophoto.png,
Golden Hills Golf and Country Club,Lexington,29073,6400,121,Lexington (Columbia - Lake Murray Country),nophoto.png,
Golf Club at Briars Creek,Johns Island,29455,7200,143,Johns Island (Charleston Area),nophoto.png,
Golf Club at Indigo Run,Hilton Head Island,29926,6800,131,Hilton Head Island,nophoto.png,
Governors Run Golf Club,Barnwell,29812,6300,120,Barnwell (Thoroughbred Country),nophoto.png,
Grande Dunes,Myrtle Beach,29577,7500,148,Myrtle Beach,nophoto.png,
Green Hills Golf Course,Columbia,29210,6500,122,Not Specified,nophoto.png,
Green River Country Club,Chesterfield,29709,6100,117,Chesterfield (Pee Dee),nophoto.png,
Green Valley Country Club,Greenville,29615,6700,128,Greenville (Upcountry),nophoto.png,
Greenville Country Club,Greenville,29615,6800,130,Greenville (Upcountry),nophoto.png,
Greenwood Country Club,Greenwood,29649,6600,125,Greenwood (Lakelands Region),nophoto.png,
Greer Golf and Country Club,Greer,29650,6400,121,Greer (Upcountry),nophoto.png,
Haig Point Club,Daufuskie Island,29915,7200,145,Daufuskie Island (Hilton Head Area),nophoto.png,
Hampton Hall Golf Club,Bluffton,29910,7000,137,Bluffton (Hilton Head Area),nophoto.png,
Hartsville Country Club,Hartsville,29550,6700,126,Hartsville (Pee Dee),nophoto.png,
Heather Glen Golf Links,Little River,29566,6800,129,Little River (Myrtle Beach Area),nophoto.png,
Hejaz Shrine Recreation Club,Mauldin,29662,6300,119,Mauldin (Upcountry),nophoto.png,
Hickory Knob Golf Course,McCormick,29835,6600,124,McCormick (Lakelands Region),nophoto.png,
Hickory Ridge Golf Club,Columbia,29229,6400,121,Not Specified,nophoto.png,
Hidden Cypress Golf Club at Sun City,Bluffton,29909,6500,123,Bluffton (Hilton Head Area),nophoto.png,
Hidden Valley Country Club,Not Specified,Not Specified,Not Specified,Not Specified,Not Specified,nophoto.png,
High Meadows Country Club,Not Specified,Not Specified,Not Specified,Not Specified,Not Specified,nophoto.png,
Hillcrest Golf Course,Columbia,29210,6500,122,Not Specified,nophoto.png,
Hilton Head National Golf Club,Bluffton,29909,7200,141,Bluffton (Hilton Head Area),nophoto.png,
Holly Hill Country Club,Holly Hill,29059,6100,117,Holly Hill (Santee),nophoto.png,
Holly Tree Country Club,Simpsonville,29680,6800,127,Simpsonville (Upcountry),nophoto.png,
Houndslake Country Club,Aiken,29803,6700,128,Aiken (Thoroughbred Country),nophoto.png,
Hunters Creek Golf and Country Club,Columbia,29229,6600,124,Not Specified,nophoto.png,
Indian River Golf Club,West Columbia,29169,6400,121,West Columbia (Columbia - Lake Murray Country),nophoto.png,
Indian Trail Golf Course,Batesburg-Leesville,29006,6200,118,Batesburg (Columbia - Lake Murray Country),nophoto.png,
Indian Wells Golf Course,Murrells Inlet,29576,6500,123,Murrells Inlet (Myrtle Beach Area),nophoto.png,
Indigo Creek Golf Club,Murrells Inlet,29576,6300,120,Murrells Inlet (Myrtle Beach Area),nophoto.png,
International Club of Myrtle Beach,Murrells Inlet,29576,6800,126,Murrells Inlet (Myrtle Beach Area),nophoto.png,
International World Tour Golf Links,Myrtle Beach,29588,6600,124,Myrtle Beach,nophoto.png,
Island Green Country Club - Dogwood/Holly,North Myrtle Beach,29582,6400,121,Myrtle Beach Area,nophoto.png,
Island West Golf Club,Bluffton,29910,6700,128,Bluffton (Hilton Head Area),nophoto.png,
Jim & Lilie Golf Club,Not Specified,Not Specified,Not Specified,Not Specified,Not Specified,nophoto.png,
Keowee Key Golf & Country Club,Salem,29676,6800,129,Salem (Upcountry),nophoto.png,
Kershaw Country Club,Kershaw,29067,6300,119,Kershaw (Olde English District),nophoto.png,
Lake City Country Club,Lake City,29560,6700,126,Lake City (Pee Dee),nophoto.png,
Lake Marion Golf Course,Santee,29142,6800,128,Santee,nophoto.png,
Lakeside Country Club,Laurens,29360,6600,125,Laurens (Upcountry),nophoto.png,
Lakeview Golf Course,Piedmont,29673,6400,122,Piedmont (Upcountry),nophoto.png,
Lan-Yair Country Club,Not Specified,Not Specified,Not Specified,Not Specified,Not Specified,nophoto.png,
Lancaster Golf Club,Lancaster,29720,6500,123,Lancaster (Olde English District),nophoto.png,
Legend Oaks Golf Club,Summerville,29485,7000,136,Summerville (Charleston Area),nophoto.png,
Legends Golf Resort,Myrtle Beach,29579,7200,140,Myrtle Beach,nophoto.png,
Links At Lakewood,Sumter,29150,6700,127,Sumter (Columbia - Lake Murray Country),nophoto.png,
Links at Stono Ferry,Hollywood,29449,6800,130,Hollywood (Charleston Area),nophoto.png,
Links O Tryon,Campobello,29322,6900,132,Campobello (Upstate SC),nophoto.png,
LinRick Golf Course,Columbia,29210,5900,115,Columbia (Columbia - Lake Murray Country),nophoto.png,
Litchfield Beach and Golf Resort,Pawleys Island,29585,6600,125,Pawleys Island (Hammock Coast),nophoto.png,
Litchfield Country Club,Pawleys Island,29585,6800,129,Pawleys Island (Hammock Coast),nophoto.png,
Long Bay Club,Longs,29568,7100,138,Longs (Myrtle Beach Area),nophoto.png,
Long Cove Club,Hilton Head Island,29928,6700,128,Hilton Head Island,nophoto.png,
Man O War Golf Course,Myrtle Beach,29577,6200,119,Myrtle Beach,nophoto.png,
Marlboro Country Club,Bennettsville,29512,6400,121,Bennettsville (Pee Dee),nophoto.png,
May River Golf Club at Palmetto Bluff,Bluffton,29910,7300,149,Bluffton (Hilton Head Area),nophoto.png,
McCormick Country Club,McCormick,29835,6500,123,McCormick (Lakelands Region),nophoto.png,
Mid Carolina Club,Prosperity,29127,6800,130,Prosperity (Lakelands Region),nophoto.png,
Midland Valley Country Club,Graniteville,29829,6700,127,Graniteville (Thoroughbred Country),nophoto.png,
Midway Par 3 - East/West,Myrtle Beach,29577,3000 (Par 3),110,Myrtle Beach Area,nophoto.png,
Miler Country Club,Not Specified,Not Specified,Not Specified,Not Specified,Not Specified,nophoto.png,
Monticello Golf Club,Not Specified,Not Specified,Not Specified,Not Specified,Not Specified,nophoto.png,
Moree's Cheraw Country Club,Cheraw,29520,6300,120,Cheraw (Pee Dee),nophoto.png,
Moss Creek Golf Club,Hilton Head Island,29926,6600,124,Hilton Head Island,nophoto.png,
Mount Vintage Golf Club,North Augusta,29860,7000,135,North Augusta (Thoroughbred Country),nophoto.png,
Musgrove Mill Golf Club,Clinton,29325,6800,129,Clinton (Lakelands Region),nophoto.png,
Myrtle Beach National Golf Club - Kings North,Myrtle Beach,29577,7200,141,Myrtle Beach,nophoto.png,
Myrtle Beach National Golf Club - West,Myrtle Beach,29577,6600,125,Myrtle Beach,nophoto.png,
Myrtle Beach National South Creek,Myrtle Beach,29577,6700,127,Myrtle Beach,nophoto.png,
Myrtlewood Golf Club,Myrtle Beach,29577,6800,128,Myrtle Beach,nophoto.png,
New Ellenton Golf Course,New Ellenton,29809,6300,120,New Ellenton (Thoroughbred Country),nophoto.png,
North Augusta Country Club,North Augusta,29841,6500,123,North Augusta (Thoroughbred Country),nophoto.png,
Northern Pines Golf Club,Not Specified,Not Specified,Not Specified,Not Specified,Not Specified,nophoto.png,
Northside Golf Club,Not Specified,Not Specified,Not Specified,Not Specified,Not Specified,nophoto.png,
Oak Hills Golf Club,Columbia,29223,6400,121,Columbia (Columbia - Lake Murray Country),nophoto.png,
Oak Point Golf Course at Kiawah Island Golf Resort,Kiawah Island,29455,6700,132,Kiawah Island,nophoto.png,
Oak Ridge Country Club,Not Specified,Not Specified,Not Specified,Not Specified,Not Specified,nophoto.png,
Oaks Plantation Country Club,Not Specified,Not Specified,Not Specified,Not Specified,Not Specified,nophoto.png,
Oconee Country Club,Seneca,29672,6600,126,Seneca (Upcountry),nophoto.png,
Okatie Creek Golf Club,Bluffton,29909,7200,144,Bluffton (Hilton Head Area),nophoto.png,
Old Carolina Golf Club,Bluffton,29910,6800,130,Bluffton (Hilton Head Area),nophoto.png,
Old South Golf Links,Bluffton,29910,7100,139,Bluffton (Hilton Head Area),nophoto.png,
Old Tabby Links,Okatie,29909,6900,134,Spring Island (Hilton Head Area),nophoto.png,
Orangeburg Country Club,Orangeburg,29118,6700,128,Orangeburg (Thoroughbred Country),nophoto.png,
Osprey Point Golf Course at Kiawah Island Golf Resort,Kiawah Island,29455,7006,139,Kiawah Island,nophoto.png,
Oyster Reef Golf Course,Hilton Head Island,29928,6800,131,Hilton Head Island,nophoto.png,
Palmetto Dunes Golf Course - George Fazio Course,Hilton Head Island,29928,7000,136,Hilton Head Island,nophoto.png,
Palmetto Dunes Golf Course - RTJ Oceanfront Course,Hilton Head Island,29928,6973,146,Hilton Head Island,nophoto.png,
Palmetto Dunes Oceanfront Resort - Arthur Hills Course,Hilton Head Island,29928,6900,134,Hilton Head Island,nophoto.png,
Palmetto Golf Club,Aiken,29801,6800,129,Aiken (Thoroughbred Country),nophoto.png,
Palmetto Hall Golf and Country Club,Hilton Head Island,29926,6700,127,Hilton Head Island,nophoto.png,
Parkland Golf Course,Not Specified,Not Specified,Not Specified,Not Specified,Not Specified,nophoto.png,
Patriot Golf Club at Grand Harbor,Ninety Six,29666,7000,135,Ninety Six (Lakelands Region),nophoto.png,
Patriots Point Golf Links,Mount Pleasant,29464,6700,128,Mount Pleasant (Charleston Area),nophoto.png,
Paw Paw Country Club,Bamberg,29003,6100,117,Bamberg (Thoroughbred Country),nophoto.png,
Pawleys Plantation Golf & Country Club,Pawleys Island,29585,6900,133,Pawleys Island (Hammock Coast),nophoto.png,
Peach Valley Golf Course,Not Specified,Not Specified,Not Specified,Not Specified,Not Specified,nophoto.png,
Pebble Creek Country Club,Taylors,29687,6600,125,Taylors (Upcountry),nophoto.png,
Penny Branch Club,Furman,29921,6200,118,Furman (Pee Dee),nophoto.png,
Persimmon Hill Golf Club,Saluda,29138,6400,122,Saluda (Lakelands Region),nophoto.png,
Pickens Country Club,Pickens,29671,6300,120,Pickens (Upcountry),nophoto.png,
Pine Lake Golf Club,Anderson,29626,6700,126,Anderson (Upcountry),nophoto.png,
Pine Lakes Country Club,Myrtle Beach,29577,6700,127,Myrtle Beach,nophoto.png,
Pine Ridge Country Club,Edgefield,29824,6500,123,Edgefield (Thoroughbred Country),nophoto.png,
Pinecrest Golf Club,Not Specified,Not Specified,Not Specified,Not Specified,Not Specified,nophoto.png,
Pineland Country Club,Not Specified,Not Specified,Not Specified,Not Specified,Not Specified,nophoto.png,
Pinetuck Golf Course,Rock Hill,29730,6400,121,Rock Hill (Olde English District),nophoto.png,
Pinewood Country Club,Not Specified,Not Specified,Not Specified,Not Specified,Not Specified,nophoto.png,
Players Course at Wyboo,Manning,29102,6600,124,Manning (Santee),nophoto.png,
Pocalla Springs Country Club,Sumter,29153,6500,122,Sumter (Columbia - Lake Murray Country),nophoto.png,
Ponderosa Country Club,Batesburg-Leesville,29006,6300,119,Batesburg (Columbia - Lake Murray Country),nophoto.png,
Port Royal Golf Club - Barony Course,Hilton Head Island,29928,6600,126,Hilton Head Island,nophoto.png,
Port Royal Golf Club - Robbers Row,Hilton Head Island,29928,6500,124,Hilton Head Island,nophoto.png,
Possum Trot Golf Course,North Myrtle Beach,29582,6200,118,North Myrtle Beach,nophoto.png,
Prestwick Country Club,Myrtle Beach,29577,6950,145,Myrtle Beach,nophoto.png,
Prestwick Golf Course,Myrtle Beach,29577,6950,145,Myrtle Beach,nophoto.png,
Quail Creek Golf Course,Not Specified,Not Specified,Not Specified,Not Specified,Not Specified,nophoto.png,
Raccoon Run Golf Club,Myrtle Beach,29588,6400,121,Myrtle Beach,nophoto.png,
Red Bank Plantation,Not Specified,Not Specified,Not Specified,Not Specified,Not Specified,nophoto.png,
Regent Park Golf Club,Fort Mill,29708,6700,127,Fort Mill (Olde English District),nophoto.png,
Republic Golf Course & Club,Not Specified,Not Specified,Not Specified,Not Specified,Not Specified,nophoto.png,
River Club on the Ashley,Charleston,29414,6800,130,Not Specified,nophoto.png,
River Falls Plantation,Duncan,29334,7000,136,Duncan (Upstate SC),nophoto.png,
River Golf Club,North Augusta,29841,6500,123,North Augusta (Thoroughbred Country),nophoto.png,
River Hills Golf & Country Club,Little River,29566,6600,124,Little River (Myrtle Beach Area),nophoto.png,
River Hills Plantation Country Club,Lake Wylie,29710,6800,129,Lake Wylie (Olde English District),nophoto.png,
River Oaks Golf Plantation,Myrtle Beach,29579,7000,137,Myrtle Beach,nophoto.png,
River Side Golf Center,Not Specified,Not Specified,Not Specified,Not Specified,Not Specified,nophoto.png,
Riverchase Golf Club,Not Specified,Not Specified,Not Specified,Not Specified,Not Specified,nophoto.png,
RiverTowne Country Club,Mount Pleasant,29466,6900,132,Mount Pleasant (Charleston Area),nophoto.png,
Robbers Roost Golf Club,North Myrtle Beach,29582,6800,129,North Myrtle Beach,nophoto.png,
Rock Hill Country Club,Rock Hill,29732,6600,125,Rock Hill (Olde English District),nophoto.png,
Rolling Green Golf Club,Easley,29642,6400,121,Easley (Upcountry),nophoto.png,
Rolling Hills Golf Course,Not Specified,Not Specified,Not Specified,Not Specified,Not Specified,nophoto.png,
Rolling S Golf Club,Not Specified,Not Specified,Not Specified,Not Specified,Not Specified,nophoto.png,
Rose Hill Golf Club,Bluffton,29910,6800,130,Bluffton (Hilton Head Area),nophoto.png,
Royal Oaks Golf Club,Not Specified,Not Specified,Not Specified,Not Specified,Not Specified,nophoto.png,
Saluda Valley Country Club,Williamston,29697,6300,119,Williamston (Upcountry),nophoto.png,
Sanctuary Golf Club at Cat Island,Beaufort,29907,6800,131,Beaufort (Hilton Head Area),nophoto.png,
Sandy Point Golf Club,Not Specified,Not Specified,Not Specified,Not Specified,Not Specified,nophoto.png,
Santee Cooper Country Club,Santee,29142,6700,126,Santee,nophoto.png,
Santee National Golf Club,Santee,29142,7200,140,Santee,nophoto.png,
Savannah Lakes Village & Golf Clubs - Tara Golf Course,McCormick,29835,6900,133,McCormick (Lakelands Region),nophoto.png,
Sea Pines Country Club,Hilton Head Island,29928,6700,128,Hilton Head Island,nophoto.png,
Sea Pines Resort - Atlantic Dunes,Hilton Head Island,29928,7100,139,Hilton Head Island,nophoto.png,
Sea Pines Resort - Harbour Town Golf Links,Hilton Head Island,29928,6973,146,Hilton Head Island,nophoto.png,
Sea Pines Resort - Heron Point by Pete Dye,Hilton Head Island,29928,6900,134,Hilton Head Island,nophoto.png,
Seabrook Island Club,Seabrook Island,29455,7000,137,Seabrook Island (Charleston Area),nophoto.png,
Secession Golf Club,Beaufort,29907,7400,150,Beaufort (Hilton Head Area),nophoto.png,
Sedgewood Country Club,Not Specified,Not Specified,Not Specified,Not Specified,Not Specified,nophoto.png,
Sergeant Jasper Country Club,Ridgeland,29936,6400,122,Ridgeland (Hilton Head Area),nophoto.png,
Shadowmoss Plantation Golf Club,Charleston,29414,6800,130,Charleston,nophoto.png,
Shaftesbury Glen Golf & Fish Club,Conway,29526,6700,127,Conway (Myrtle Beach Area),nophoto.png,
Shannon Greens Golf Club,Manning,29102,6500,123,Manning (Santee),nophoto.png,
Shipyard Golf Club,Hilton Head Island,29928,6900,133,Hilton Head Island,nophoto.png,
Snee Farm Country Club,Mount Pleasant,29466,7000,136,Mount Pleasant (Charleston Area),nophoto.png,
South Edisto Golf Course,Not Specified,Not Specified,Not Specified,Not Specified,Not Specified,nophoto.png,
Southern Oaks Golf Course,Not Specified,Not Specified,Not Specified,Not Specified,Not Specified,nophoto.png,
Spanish Wells Club,Hilton Head Island,29926,6600,125,Hilton Head Island,nophoto.png,
Spring Lake Country Club,York,29745,6500,123,York (Olde English District),nophoto.png,
Spring Valley Country Club,Columbia,29229,6900,132,Columbia (Columbia - Lake Murray Country),nophoto.png,
Springfield Golf Club,Fort Mill,29715,6400,121,Fort Mill (Olde English District),nophoto.png,
St. George Country Club,St. George,29477,6200,118,St. George (Thoroughbred Country),nophoto.png,
Starrwood Golf Course,Not Specified,Not Specified,Not Specified,Not Specified,Not Specified,nophoto.png,
Stone Creek Cove Golf Course,Anderson,29624,6700,126,Anderson (Upcountry),nophoto.png,
Sugarfoot Golf Club,Not Specified,Not Specified,Not Specified,Not Specified,Not Specified,nophoto.png,
Sumter National Golf Club,Not Specified,Not Specified,Not Specified,Not Specified,Not Specified,nophoto.png,
Sunset Country Club,Sumter,29150,6600,124,Sumter (Columbia - Lake Murray Country),nophoto.png,
Surf Golf & Beach Club,North Myrtle Beach,29582,6800,129,North Myrtle Beach,nophoto.png,
Swamp Fox Golf Club,Not Specified,Not Specified,Not Specified,Not Specified,Not Specified,nophoto.png,
Sweetwater Country Club,Barnwell,29812,6300,120,Barnwell (Thoroughbred Country),nophoto.png,
Tega Cay Golf Club,Fort Mill,29708,7000,135,Tega Cay (Olde English District),nophoto.png,
The Aiken Golf Club,Aiken,29803,6700,128,Aiken (Thoroughbred Country),nophoto.png,
The Cliffs at Keowee Vineyards,Sunset,29685,7200,144,Sunset (Upcountry),nophoto.png,
The Club at Pine Forest,Not Specified,Not Specified,Not Specified,Not Specified,Not Specified,nophoto.png,
The Club at Rawles Creek,Not Specified,Not Specified,Not Specified,Not Specified,Not Specified,nophoto.png,
The Country Club of Spartanburg,Spartanburg,29302,6800,130,Spartanburg (Upstate SC),nophoto.png,
The Creek Golf Club,Spartanburg,29301,6700,128,Spartanburg (Upstate SC),nophoto.png,
The Crossings Golf Club,Not Specified,Not Specified,Not Specified,Not Specified,Not Specified,nophoto.png,
The Executive Golf Course,Not Specified,Not Specified,Not Specified,Not Specified,Not Specified,nophoto.png,
The Founders Club at Pawleys Island,Pawleys Island,29585,7000,136,Pawleys Island (Hammock Coast),nophoto.png,
The Golf Club at Hampton Yard,Not Specified,Not Specified,Not Specified,Not Specified,Not Specified,nophoto.png,
The Golf Club at Hilton Head Lakes,Hardeeville,29927,6800,131,Hardeeville (Hilton Head Area),nophoto.png,
The Golf Club of South Carolina at Crickentree,Blythewood,29016,6600,125,Blythewood (Columbia - Lake Murray Country),nophoto.png,
The Golf Course at Star Fort,Starr,29684,6400,122,Ninety Six (Lakelands Region),nophoto.png,
The Golf Professionals Club,Not Specified,Not Specified,Not Specified,Not Specified,Not Specified,nophoto.png,
The Heritage Club,Pawleys Island,29585,7100,138,Pawleys Island (Hammock Coast),nophoto.png,
The Hollow Creek Course at Woodside Plantation,Aiken,29803,6800,129,Aiken (Thoroughbred Country),nophoto.png,
The Kiawah Island Club Cassique Course,Kiawah Island,29455,7300,149,Kiawah Island,nophoto.png,
The Legends at Parris Island,Beaufort,29902,6500,126,Parris Island (Hilton Head Area),nophoto.png,
The Links at Stoney Point,Greenwood,29649,6900,133,Greenwood (Lakelands Region),nophoto.png,
The Melrose Club Golf Course,Daufuskie Island,29915,7100,140,Daufuskie Island (Hilton Head Area),nophoto.png,
The Ocean Course at Kiawah Island Golf Resort,Kiawah Island,29455,7195,144,Kiawah Island,nophoto.png,
The Palms Course at Oakdale,Not Specified,Not Specified,Not Specified,Not Specified,Not Specified,nophoto.png,
The Plantation Course at Edisto,Edisto Island,29456,6700,128,Edisto Island (Charleston Area),nophoto.png,
The Preserve at Verdae,Greenville,29607,7200,143,Greenville (Upcountry),nophoto.png,
The Reserve Course at Woodside Plantation,Aiken,29803,6900,132,Aiken (Thoroughbred Country),nophoto.png,
The Reserve Golf Club,Pawleys Island,29585,6800,130,Pawleys Island (Hammock Coast),nophoto.png,
The River Club,Pawleys Island,29585,6800,130,Pawleys Island (Hammock Coast),nophoto.png,
The Rock at Jocassee,Pickens,29671,7000,137,Pickens (Upcountry),nophoto.png,
The Spur at Northwoods Golf Course,Columbia,29212,6500,123,Columbia (Columbia - Lake Murray Country),nophoto.png,
The Traces Golf Club,Not Specified,Not Specified,Not Specified,Not Specified,Not Specified,nophoto.png,
The Waterford Golf Club,Not Specified,Not Specified,Not Specified,Not Specified,Not Specified,nophoto.png,
The Wellman Club,Not Specified,Not Specified,Not Specified,Not Specified,Not Specified,nophoto.png,
The Witch Golf Links,Conway,29526,6600,125,Conway (Myrtle Beach Area),nophoto.png,
The Wizard Golf Course,Myrtle Beach,29577,6700,126,Myrtle Beach,nophoto.png,
The Woodlands Golf and Country Club,Columbia,29210,6800,129,Columbia (Columbia - Lake Murray Country),nophoto.png,
Thornblade Club,Greer,29650,7200,142,Greer (Upcountry),nophoto.png,
Three Pines Country Club,Woodruff,29388,6400,121,Woodruff (Upstate SC),nophoto.png,
Three Springs Golf Club,Not Specified,Not Specified,Not Specified,Not Specified,Not Specified,nophoto.png,
Tidewater Golf Club,Little River,29566,7195,144,Little River (Myrtle Beach Area),nophoto.png,
Timberlake Country Club,Chapin,29036,6700,128,Chapin (Columbia - Lake Murray Country),nophoto.png,
TPC Myrtle Beach,Murrells Inlet,29576,6950,145,Murrells Inlet (Myrtle Beach Area),nophoto.png,
Tradition Golf Club,Pawleys Island,29585,7100,138,Pawleys Island (Hammock Coast),nophoto.png,
True Blue Golf Club,Pawleys Island,29585,7100,139,Pawleys Island (Hammock Coast),nophoto.png,
Turtle Point Golf Course at Kiawah Island Resort,Kiawah Island,29455,6885,137,Kiawah Island,nophoto.png,
Twin Lakes Country Club,Not Specified,Not Specified,Not Specified,Not Specified,Not Specified,nophoto.png,
Village Greens Golf & Country Club,Inman,29349,6500,123,Inman (Upstate SC),nophoto.png,
Wachesaw East,Murrells Inlet,29576,6400,121,Murrells Inlet (Myrtle Beach Area),nophoto.png,
Wachesaw Plantation Club,Murrells Inlet,29576,6700,127,Murrells Inlet (Myrtle Beach Area),nophoto.png,
Walker Golf Course - Clemson University,Clemson,29634,6800,130,Clemson (Upcountry),nophoto.png,
Ware Shoals Golf Course,Ware Shoals,29693,6200,118,Ware Shoals (Lakelands Region),nophoto.png,
Waterway Hills Golf Course,Myrtle Beach,29588,6300,120,Myrtle Beach,nophoto.png,
Wedgefield Plantation Golf Course,Georgetown,29440,6700,128,Georgetown (Hammock Coast),nophoto.png,
Wescott Golf Club,North Charleston,29420,6800,131,North Charleston (Charleston Area),nophoto.png,
Wexford Golf Club,Hilton Head Island,29928,6900,134,Hilton Head Island,nophoto.png,
Whispering Pines Golf Course,Myrtle Beach,29579,6500,122,Myrtle Beach,nophoto.png,
White Pines Golf Course,Camden,29020,6400,121,Camden (Olde English District),nophoto.png,
White Plains Country Club,Pageland,29728,6300,119,Pageland (Olde English District),nophoto.png,
Wicked Stick Links,Myrtle Beach,29588,6600,124,Myrtle Beach,nophoto.png,
Wild Dunes Resort,Isle of Palms,29451,7200,141,Isle of Palms (Charleston Area),nophoto.png,
Wild Wing Plantation - Avocet,Conway,29526,6500,123,Conway (Myrtle Beach Area),nophoto.png,
Wild Wing Plantation - Hummingbird,Conway,29526,6700,126,Conway (Myrtle Beach Area),nophoto.png,
WildeWood Country Club,Columbia,29223,6800,130,Columbia (Columbia - Lake Murray Country),nophoto.png,
Willbrook Golf Club,Pawleys Island,29585,6900,133,Pawleys Island (Hammock Coast),nophoto.png,
Williston Country Club,Williston,29853,6200,118,Williston (Thoroughbred Country),nophoto.png,
Willow Creek Golf Course,Greer,29650,6400,121,Greer (Upcountry),nophoto.png,
Windermere Golf Club,Blythewood,29016,7000,135,Blythewood (Columbia - Lake Murray Country),nophoto.png,
Windy Hill Golf Hill Par 3,North Myrtle Beach,29582,1500 (Par 3),113,North Myrtle Beach,nophoto.png,
Woodcreek Farms Country Club,Elgin,29045,6900,132,Elgin (Columbia - Lake Murray Country),nophoto.png,
Woodhaven Golf Club,Not Specified,Not Specified,Not Specified,Not Specified,Not Specified,nophoto.png,
Woodside Plantation Country Club,Aiken,29803,6800,129,Aiken (Thoroughbred Country),nophoto.png,
Wyboo Golf Club,Manning,29102,6400,122,Manning (Santee),nophoto.png,
Yeamans Hall Country Club,Hanahan,29410,7200,144,Hanahan (Charleston Area),nophoto.png,
Pine Valley Golf Club,Pine Valley,8021,7057,,,,NJ
Augusta National Golf Club,Augusta,30904,7475,,,,GA
Cypress Point Club,Pebble Beach,93953,6524,,,,CA
Shinnecock Hills Golf Club,Southampton,11968,7445,,,,NY
Oakmont Country Club,Oakmont,15139,7255,,,,PA
Merion Golf Club,Ardmore,19003,6996,,,,PA
Pebble Beach Golf Links,Pebble Beach,93953,7075,,,,CA
National Golf Links of America,Southampton,11968,6820,,,,NY
Sand Hills Golf Club,Mullen,69152,7089,,,,NE
Fishers Island Club,Fishers Island,6390,6566,,,,NY
Winged Foot Golf Club (West),Mamaroneck,10543,7477,,,,NY
Crystal Downs Country Club,Frankfort,49635,6518,,,,MI
Chicago Golf Club,Wheaton,60187,6927,,,,IL
Los Angeles Country Club (North),Los Angeles,90024,7421,,,,CA
Pacific Dunes,Bandon,97411,6633,,,,OR
Friar's Head,Riverhead,11901,7049,,,,NY
Oakland Hills Country Club (South),Bloomfield Hills,48301,7445,,,,MI
Maidstone Club,East Hampton,11937,6781,,,,NY
Seminole Golf Club,Juno Beach,33408,6836,,,,FL
Riviera Country Club,Pacific Palisades,90272,7322,,,,CA
Prairie Dunes Country Club,Hutchinson,67502,7393,,,,KS
Quaker Ridge Golf Club,Scarsdale,10583,7008,,,,NY
The Country Club,Brookline,2467,7264,,,,MA
Baltusrol Golf Club (Lower),Springfield,7081,7400,,,,NJ
Whistling Straits (Straits),Kohler,53044,7790,,,,WI
Bandon Dunes,Bandon,97411,6732,,,,OR
Kiawah Island Ocean Course,Kiawah Island,29455,7876,,,,SC
Bethpage Black,Farmingdale,11735,7468,,,,NY
Shadow Creek,Las Vegas,89081,7560,,,,NV
Spyglass Hill Golf Course,Pebble Beach,93953,7041,,,,CA
Torrey Pines South,La Jolla,92037,7698,,,,CA
Pinehurst No. 2,Pinehurst,28374,7588,,,,NC
Oak Hill Country Club (East),Rochester,14618,7394,,,,NY
Inverness Club,Toledo,43615,7730,,,,OH
Southern Hills Country Club,Tulsa,74136,7481,,,,OK
Muirfield Village Golf Club,Dublin,43017,7392,,,,OH
Medinah Country Club No. 3,Medinah,60157,7657,,,,IL
Olympic Club (Lake),San Francisco,94132,7270,,,,CA
Cherry Hills Country Club,Cherry Hills Village,80113,7466,,,,CO
Aronimink Golf Club,Newtown Square,19073,7267,,,,PA
East Lake Golf Club,Atlanta,30317,7346,,,,GA
Quail Hollow Club,Charlotte,28210,7558,,,,NC
Yale Golf Course,New Haven,6515,6749,,,,CT
Sleepy Hollow Country Club,Scarborough,10510,7081,,,,NY
San Francisco Golf Club,San Francisco,94132,6934,,,,CA
Pasatiempo Golf Club,Santa Cruz,95060,6500,,,,CA
California Golf Club of San Francisco,South San Francisco,94080,7004,,,,CA
Somerset Hills Country Club,Bernardsville,7924,6784,,,,NJ
Camargo Club,Cincinnati,45243,6698,,,,OH
Garden City Golf Club,Garden City,11530,6926,,,,NY
Shoreacres,Lake Bluff,60044,6521,,,,IL
Old Town Club,Winston-Salem,27106,6982,,,,NC
The Golf Club,New Albany,43054,7042,,,,OH
Bandon Trails,Bandon,97411,6788,,,,OR
Old Macdonald,Bandon,97411,6671,,,,OR
Erin Hills,Erin,53027,7731,,,,WI
Chambers Bay,University Place,98467,7585,,,,WA
Streamsong Red,Bowling Green,33834,7148,,,,FL
Streamsong Blue,Bowling Green,33834,7176,,,,FL
Streamsong Black,Bowling Green,33834,7352,,,,FL
TPC Sawgrass (Stadium),Ponte Vedra Beach,32082,7245,,,,FL
Harbour Town Golf Links,Hilton Head Island,29928,7099,,,,SC
Bay Hill Club & Lodge,Orlando,32819,7381,,,,FL
TPC Scottsdale (Stadium),Scottsdale,85255,7261,,,,AZ
Sea Island Golf Club (Seaside),St. Simons Island,31522,7005,,,,GA
Colonial Country Club,Fort Worth,76109,7209,,,,TX
Firestone Country Club (South),Akron,44319,7400,,,,OH
Bellerive Country Club,Town and Country,63141,7547,,,,MO
Hazeltine National Golf Club,Chaska,55318,7628,,,,MN
Congressional Country Club (Blue),Bethesda,20817,7574,,,,MD
Crooked Stick Golf Club,Carmel,46032,7316,,,,IN
Doral Blue Monster,Miami,33178,7543,,,,FL
TPC San Antonio (Oaks),San Antonio,78261,7435,,,,TX
TPC River Highlands,Cromwell,6416,6844,,,,CT
TPC Boston,Norton,2766,7207,,,,MA
TPC Deere Run,Silvis,61282,7257,,,,IL
TPC Summerlin,Las Vegas,89134,7243,,,,NV
TPC Twin Cities,Blaine,55449,7468,,,,MN
TPC Louisiana,Avondale,70094,7341,,,,LA
TPC Craig Ranch,McKinney,75070,7438,,,,TX
PGA National (Champion),Palm Beach Gardens,33418,7045,,,,FL
The Greenbrier (Old White),White Sulphur Springs,24986,7287,,,,WV
Sedgefield Country Club,Greensboro,27407,7127,,,,NC
Tobacco Road Golf Club,Sanford,27332,7200,,,,NC
Pinehurst No. 4,Pinehurst,28374,7334,,,,NC
Caledonia Golf & Fish Club,Pawleys Island,29585,6526,,,,SC
True Blue Golf Club,Pawleys Island,29585,7126,,,,SC
Grande Dunes Resort Course,Myrtle Beach,29572,7029,,,,SC
TPC Myrtle Beach,Murrells Inlet,29576,6950,,,,SC
Tidewater Golf Club,North Myrtle Beach,29582,7078,,,,SC
The Dunes Golf & Beach Club,Myrtle Beach,29572,7305,,,,SC
Barefoot Resort (Norman),North Myrtle Beach,29582,6901,,,,SC
Barefoot Resort (Love),North Myrtle Beach,29582,7047,,,,SC
Barefoot Resort (Fazio),North Myrtle Beach,29582,6834,,,,SC
Barefoot Resort (Dye),North Myrtle Beach,29582,7343,,,,SC
Prestwick Country Club,Myrtle Beach,29575,7086,,,,SC
Blackmoor Golf Club,Murrells Inlet,29576,6614,,,,SC
Glen Dornoch Waterway,Little River,29566,6890,,,,SC
Leopard's Chase Golf Club,Ocean Isle Beach,28469,7069,,,,NC
Rivers Edge Golf Club,Shallotte,28470,6909,,,,NC
